Response ID;Task ID;Concept ID;A;B;C;D;E ;F;G;H;I;Selected
33790060;1;1;4;5;2;2;9;7;6;1;2;1
33790060;1;2;1;5;1;2;3;4;5;2;1;0
33790060;2;1;1;4;2;2;6;1;4;5;4;1
33790060;2;2;1;5;1;2;4;5;5;1;1;0
33790060;3;1;1;4;1;1;7;5;1;4;3;0
33790060;3;2;2;2;2;2;5;2;7;1;1;1
33790060;4;1;4;3;2;2;2;6;1;1;1;0
33790060;4;2;6;5;1;2;9;3;1;5;2;1
33790060;5;1;2;3;1;2;10;6;4;5;1;1
33790060;5;2;5;3;1;2;8;5;3;3;4;0
33790060;6;1;3;5;1;1;2;3;5;3;4;1
33790060;6;2;5;1;1;1;10;2;4;1;3;0
33790060;7;1;1;2;2;1;2;1;5;2;2;0
33790060;7;2;3;2;1;2;6;1;2;2;3;1
33790060;8;1;1;1;1;1;4;6;6;2;4;1
33790060;8;2;3;1;2;1;9;5;4;4;2;0
33790060;9;1;4;1;2;2;3;3;6;2;4;1
33790060;9;2;3;2;1;2;1;1;6;4;3;0
33790060;10;1;1;3;1;1;5;7;4;1;3;0
33790060;10;2;4;5;1;2;3;1;6;1;1;1
33790382;1;1;1;4;2;1;8;5;3;4;4;0
33790382;1;2;5;3;2;2;1;6;1;4;3;1
33790382;2;1;4;5;1;1;3;1;2;5;4;0
33790382;2;2;2;2;1;1;4;7;5;4;4;1
33790382;3;1;3;1;2;2;4;4;7;3;2;0
33790382;3;2;2;2;2;1;4;1;5;4;1;1
33790382;4;1;2;4;2;2;2;5;4;4;4;0
33790382;4;2;4;1;1;1;9;2;2;1;1;1
33790382;5;1;5;3;1;1;6;1;4;2;4;1
33790382;5;2;2;5;2;1;2;4;7;4;4;0
33790382;6;1;6;5;2;2;6;2;6;2;1;0
33790382;6;2;5;1;2;1;4;1;1;5;4;1
33790382;7;1;3;2;2;2;2;1;2;3;3;0
33790382;7;2;3;4;2;2;7;5;1;5;1;1
33790382;8;1;6;1;2;1;5;2;1;3;1;1
33790382;8;2;3;4;1;1;5;2;2;4;3;0
33790382;9;1;1;2;2;1;9;2;4;4;4;1
33790382;9;2;2;4;2;2;8;2;2;5;3;0
33790382;10;1;5;2;1;2;9;4;4;5;2;0
33790382;10;2;5;5;1;1;3;3;1;5;3;1
33791242;1;1;5;2;1;1;3;1;1;4;4;0
33791242;1;2;4;2;1;2;2;6;7;3;1;1
33791242;2;1;4;3;2;2;7;3;1;3;3;0
33791242;2;2;2;2;2;1;1;6;3;3;4;1
33791242;3;1;3;3;2;2;6;5;1;3;1;0
33791242;3;2;1;4;1;1;1;3;1;1;3;1
33791242;4;1;4;3;2;1;8;7;7;3;4;0
33791242;4;2;5;1;1;2;9;2;3;5;4;1
33791242;5;1;5;3;1;1;9;3;1;5;2;0
33791242;5;2;4;5;2;1;3;3;4;2;2;1
33791242;6;1;3;1;1;1;3;6;3;1;2;1
33791242;6;2;1;4;1;2;6;2;5;5;1;0
33791242;7;1;1;3;2;1;8;6;7;5;1;0
33791242;7;2;2;1;1;1;10;3;2;1;1;1
33791242;8;1;6;3;2;2;6;5;5;5;4;1
33791242;8;2;4;2;2;2;4;6;1;2;4;0
33791242;9;1;5;3;1;2;9;2;6;5;2;0
33791242;9;2;4;2;1;2;5;7;1;5;4;1
33791242;10;1;6;2;2;1;7;3;2;1;1;1
33791242;10;2;1;5;2;1;4;7;2;4;2;0
33791627;1;1;5;5;2;2;7;7;4;5;3;0
33791627;1;2;1;1;1;1;1;1;1;4;3;1
33791627;2;1;2;2;1;2;6;1;5;2;3;1
33791627;2;2;3;3;1;1;9;6;4;4;2;0
33791627;3;1;5;2;1;2;5;5;1;3;3;1
33791627;3;2;6;1;1;1;9;6;4;3;3;0
33791627;4;1;6;3;1;2;2;3;4;3;1;1
33791627;4;2;4;4;2;1;7;6;5;4;2;0
33791627;5;1;2;3;1;2;2;4;4;5;3;1
33791627;5;2;5;1;2;1;9;6;6;1;2;0
33791627;6;1;5;4;2;1;9;5;5;4;3;0
33791627;6;2;4;2;1;2;6;5;3;5;1;1
33791627;7;1;1;2;1;1;5;5;1;1;2;0
33791627;7;2;2;2;2;1;8;4;5;2;2;1
33791627;8;1;1;2;1;2;10;4;1;4;1;0
33791627;8;2;5;3;2;1;5;7;7;2;4;1
33791627;9;1;1;4;2;1;6;4;7;1;3;0
33791627;9;2;3;4;1;2;6;3;2;5;3;1
33791627;10;1;4;3;2;2;5;6;2;1;4;0
33791627;10;2;4;4;2;1;3;3;7;1;3;1
33792146;1;1;3;3;1;1;6;6;4;4;4;1
33792146;1;2;4;4;2;2;4;5;5;5;3;0
33792146;2;1;5;5;1;1;4;7;7;3;2;0
33792146;2;2;5;3;1;1;5;1;5;3;3;1
33792146;3;1;5;1;1;1;6;7;3;4;3;0
33792146;3;2;5;2;2;2;4;7;5;2;3;1
33792146;4;1;6;1;1;2;6;1;7;4;1;1
33792146;4;2;3;3;2;2;8;2;6;1;4;0
33792146;5;1;4;3;1;2;9;3;3;3;1;1
33792146;5;2;5;4;1;1;7;3;1;5;1;0
33792146;6;1;2;3;1;2;1;4;4;3;3;0
33792146;6;2;6;3;1;2;9;6;2;5;2;1
33792146;7;1;6;2;2;2;1;2;5;1;1;0
33792146;7;2;2;4;1;2;10;3;3;3;2;1
33792146;8;1;1;3;2;2;4;2;7;5;4;1
33792146;8;2;5;1;2;1;3;6;3;3;2;0
33792146;9;1;4;2;2;2;10;3;2;4;4;1
33792146;9;2;2;2;1;2;7;2;5;1;2;0
33792146;10;1;3;2;2;1;4;3;7;5;4;0
33792146;10;2;4;3;1;1;1;3;4;1;2;1
33795172;1;1;1;4;2;1;7;5;1;3;1;0
33795172;1;2;4;2;2;1;2;5;6;2;2;1
33795172;2;1;6;1;1;2;4;4;3;4;4;1
33795172;2;2;5;2;1;1;1;4;2;2;3;0
33795172;3;1;2;3;2;2;8;7;5;2;4;0
33795172;3;2;5;1;2;1;9;2;2;2;3;1
33795172;4;1;5;3;2;1;9;4;5;2;1;0
33795172;4;2;6;1;1;2;3;7;5;4;3;1
33795172;5;1;6;4;2;2;3;6;6;2;4;1
33795172;5;2;3;5;1;1;1;6;1;2;1;0
33795172;6;1;5;1;1;1;5;6;1;2;4;1
33795172;6;2;2;3;2;2;1;6;7;3;1;0
33795172;7;1;3;4;2;2;3;4;6;1;1;0
33795172;7;2;4;4;2;1;9;3;2;1;2;1
33795172;8;1;1;2;2;1;3;3;6;2;3;1
33795172;8;2;1;4;1;2;5;5;3;3;4;0
33795172;9;1;5;2;2;1;6;3;3;3;1;0
33795172;9;2;3;4;2;1;6;3;3;4;4;1
33795172;10;1;4;5;2;2;9;7;5;1;3;0
33795172;10;2;6;1;1;2;9;2;6;5;3;1
33795284;1;1;4;2;2;2;4;5;6;2;4;1
33795284;1;2;6;2;1;1;1;4;5;2;2;0
33795284;2;1;5;4;1;2;7;1;1;2;3;1
33795284;2;2;3;1;1;2;1;6;3;3;2;0
33795284;3;1;3;5;1;1;8;6;6;2;1;0
33795284;3;2;6;3;1;1;7;5;7;4;2;1
33795284;4;1;3;3;2;1;5;7;3;4;1;0
33795284;4;2;4;1;2;1;1;7;7;4;4;1
33795284;5;1;4;4;1;2;8;1;1;2;1;0
33795284;5;2;5;4;1;2;5;1;6;4;2;1
33795284;6;1;5;3;2;2;8;3;6;2;1;1
33795284;6;2;6;5;1;2;4;5;2;1;4;0
33795284;7;1;4;2;2;1;4;6;3;1;1;0
33795284;7;2;1;4;1;2;4;5;3;2;2;1
33795284;8;1;6;3;2;1;5;7;5;5;1;0
33795284;8;2;5;4;1;1;10;2;2;3;3;1
33795284;9;1;5;3;2;1;3;1;7;4;3;0
33795284;9;2;1;5;1;1;6;1;6;5;4;1
33795284;10;1;2;4;1;2;6;1;3;4;4;0
33795284;10;2;6;1;2;1;3;3;1;5;3;1
33795416;1;1;2;5;2;1;1;4;3;4;1;0
33795416;1;2;5;3;1;1;3;3;5;2;1;1
33795416;2;1;6;1;1;2;4;3;1;1;1;0
33795416;2;2;3;3;2;2;1;5;6;3;3;1
33795416;3;1;1;5;1;2;8;2;6;5;4;1
33795416;3;2;6;4;2;1;5;1;2;2;2;0
33795416;4;1;1;4;1;1;10;4;1;4;4;1
33795416;4;2;4;5;2;2;6;2;3;2;1;0
33795416;5;1;5;4;2;2;6;6;7;3;2;0
33795416;5;2;1;1;1;2;6;7;6;1;2;1
33795416;6;1;1;2;1;1;3;3;3;3;2;1
33795416;6;2;6;2;1;1;3;6;1;1;3;0
33795416;7;1;5;5;2;1;10;5;1;3;3;1
33795416;7;2;1;2;1;2;9;2;7;3;4;0
33795416;8;1;1;2;1;2;3;1;2;3;4;1
33795416;8;2;2;2;2;2;5;3;2;2;2;0
33795416;9;1;1;1;2;2;7;5;5;5;4;0
33795416;9;2;2;3;2;1;8;4;5;5;3;1
33795416;10;1;6;4;2;1;7;4;6;3;3;1
33795416;10;2;6;2;2;1;10;4;2;4;1;0
33797734;1;1;5;4;1;1;5;7;6;5;2;1
33797734;1;2;4;5;2;2;8;6;2;3;1;0
33797734;2;1;3;1;2;2;10;5;5;4;3;0
33797734;2;2;4;5;2;1;10;7;4;1;2;1
33797734;3;1;5;3;2;1;6;5;1;2;2;0
33797734;3;2;6;5;1;2;6;7;5;4;2;1
33797734;4;1;5;1;1;2;5;7;7;2;1;0
33797734;4;2;2;5;1;1;10;1;5;1;4;1
33797734;5;1;5;2;2;2;2;1;6;5;4;0
33797734;5;2;5;5;2;1;2;5;5;4;3;1
33797734;6;1;5;5;2;1;10;5;6;5;2;1
33797734;6;2;6;2;1;1;7;6;1;1;3;0
33797734;7;1;4;2;2;2;7;1;6;4;4;0
33797734;7;2;4;5;1;1;6;1;7;3;3;1
33797734;8;1;5;1;1;2;8;5;6;3;1;0
33797734;8;2;3;3;2;1;9;3;3;3;4;1
33797734;9;1;1;4;1;2;7;3;5;2;3;0
33797734;9;2;1;1;2;1;3;3;3;4;1;1
33797734;10;1;1;5;2;2;8;4;3;4;1;0
33797734;10;2;6;5;1;2;8;7;2;3;4;1
33797781;1;1;3;2;2;1;2;2;4;3;1;0
33797781;1;2;5;2;1;1;1;3;1;2;4;1
33797781;2;1;2;5;1;2;6;1;3;2;4;1
33797781;2;2;5;4;1;1;5;3;4;4;2;0
33797781;3;1;2;3;1;1;4;6;1;1;2;1
33797781;3;2;5;3;2;1;4;7;4;1;2;0
33797781;4;1;6;1;1;2;8;5;4;4;2;0
33797781;4;2;3;4;2;2;2;5;5;1;2;1
33797781;5;1;5;4;2;1;5;6;4;3;4;0
33797781;5;2;5;2;1;2;9;1;3;1;4;1
33797781;6;1;2;3;1;2;8;3;1;1;2;1
33797781;6;2;5;2;1;1;2;3;4;3;4;0
33797781;7;1;1;5;1;1;9;3;4;1;2;0
33797781;7;2;3;2;1;1;4;1;6;3;4;1
33797781;8;1;1;4;2;1;5;7;1;3;3;1
33797781;8;2;4;4;1;1;1;7;4;1;4;0
33797781;9;1;6;1;1;2;10;7;2;3;1;1
33797781;9;2;5;2;1;1;9;1;4;4;4;0
33797781;10;1;2;2;1;1;1;3;6;1;2;0
33797781;10;2;6;1;1;2;10;1;5;3;3;1
33797811;1;1;3;3;2;1;5;6;1;3;1;1
33797811;1;2;3;1;1;2;4;6;6;1;4;0
33797811;2;1;4;2;2;2;2;5;4;5;3;1
33797811;2;2;2;1;1;2;1;1;1;1;3;0
33797811;3;1;1;3;2;2;6;5;7;5;3;1
33797811;3;2;3;2;2;1;10;1;2;3;1;0
33797811;4;1;6;1;2;2;7;6;6;1;1;0
33797811;4;2;3;5;1;1;4;7;4;4;4;1
33797811;5;1;5;5;1;2;5;6;3;2;4;0
33797811;5;2;2;1;2;2;8;5;4;4;1;1
33797811;6;1;4;3;1;1;7;5;4;5;4;0
33797811;6;2;4;3;1;2;2;4;4;1;2;1
33797811;7;1;3;1;1;2;8;2;1;1;2;0
33797811;7;2;1;1;1;1;1;3;5;1;2;1
33797811;8;1;2;5;2;2;4;3;7;5;1;1
33797811;8;2;2;4;1;2;5;1;3;4;3;0
33797811;9;1;2;3;2;2;4;2;6;3;3;0
33797811;9;2;6;2;2;1;2;4;5;2;3;1
33797811;10;1;4;2;1;2;7;7;1;2;3;0
33797811;10;2;4;1;2;2;2;6;7;2;1;1
33797855;1;1;6;1;1;2;8;5;3;2;4;1
33797855;1;2;5;2;2;1;9;4;7;2;2;0
33797855;2;1;6;2;2;1;10;4;4;3;1;1
33797855;2;2;3;1;1;2;2;1;4;5;4;0
33797855;3;1;2;4;1;1;3;5;2;4;4;1
33797855;3;2;1;4;1;2;4;1;4;4;2;0
33797855;4;1;2;1;2;1;10;4;6;5;3;1
33797855;4;2;3;2;2;2;10;4;7;5;4;0
33797855;5;1;2;1;1;1;1;2;1;5;4;1
33797855;5;2;6;5;2;1;2;2;5;5;4;0
33797855;6;1;1;3;1;2;5;5;5;5;1;0
33797855;6;2;5;2;2;1;8;7;7;5;2;1
33797855;7;1;2;1;2;2;5;7;2;5;2;1
33797855;7;2;6;5;1;1;5;4;4;1;3;0
33797855;8;1;3;5;2;2;8;7;5;1;3;0
33797855;8;2;5;1;1;2;8;1;2;1;2;1
33797855;9;1;6;3;1;1;9;4;2;2;3;1
33797855;9;2;4;3;2;2;10;1;4;4;4;0
33797855;10;1;3;2;2;1;5;7;4;4;4;0
33797855;10;2;2;5;1;2;7;1;2;5;3;1
33797875;1;1;6;3;2;1;2;5;5;4;2;1
33797875;1;2;5;5;1;2;3;7;2;4;3;0
33797875;2;1;6;2;2;2;1;3;1;1;1;1
33797875;2;2;5;1;2;2;9;6;5;1;4;0
33797875;3;1;3;3;1;1;2;3;7;2;1;1
33797875;3;2;3;3;1;1;9;7;4;2;1;0
33797875;4;1;3;1;2;2;2;5;1;2;4;1
33797875;4;2;5;1;2;1;9;7;6;1;4;0
33797875;5;1;4;5;1;1;4;3;6;4;3;0
33797875;5;2;4;3;2;2;3;3;7;2;2;1
33797875;6;1;4;1;1;2;8;1;1;4;4;1
33797875;6;2;6;2;2;1;8;4;4;2;2;0
33797875;7;1;1;5;2;2;3;3;1;4;4;1
33797875;7;2;6;3;2;2;4;7;3;3;3;0
33797875;8;1;5;4;1;1;10;1;6;3;1;1
33797875;8;2;1;1;2;2;9;5;3;5;1;0
33797875;9;1;4;1;1;2;9;4;7;1;3;0
33797875;9;2;4;5;2;1;1;7;5;1;3;1
33797875;10;1;5;3;1;2;10;3;6;5;3;0
33797875;10;2;4;5;1;2;7;1;4;3;2;1
33797878;1;1;5;2;2;1;8;2;2;2;3;1
33797878;1;2;1;2;1;1;5;4;5;4;3;0
33797878;2;1;1;5;2;2;1;3;4;5;4;0
33797878;2;2;2;5;2;2;9;3;4;5;4;1
33797878;3;1;6;2;2;2;9;7;2;5;1;0
33797878;3;2;2;5;1;1;5;3;1;3;1;1
33797878;4;1;3;5;2;1;4;2;6;5;1;0
33797878;4;2;5;4;1;2;4;3;1;4;4;1
33797878;5;1;3;4;1;2;3;2;6;4;2;1
33797878;5;2;1;5;2;1;5;7;4;3;1;0
33797878;6;1;4;4;1;1;6;2;6;1;3;0
33797878;6;2;5;2;2;1;6;7;3;3;2;1
33797878;7;1;1;2;1;2;8;5;4;1;3;0
33797878;7;2;3;1;2;1;4;2;7;1;2;1
33797878;8;1;1;5;2;2;3;7;3;4;1;0
33797878;8;2;4;4;2;1;9;6;3;5;2;1
33797878;9;1;2;5;1;1;1;3;2;3;2;1
33797878;9;2;6;4;1;2;5;4;6;4;2;0
33797878;10;1;3;1;2;2;1;4;6;5;4;0
33797878;10;2;2;5;1;2;9;3;7;4;4;1
33797884;1;1;6;3;2;2;10;6;6;2;1;0
33797884;1;2;6;4;2;2;10;4;2;2;4;1
33797884;2;1;1;5;2;2;6;3;7;5;3;0
33797884;2;2;2;4;1;1;8;5;2;5;1;1
33797884;3;1;6;4;1;1;8;2;5;4;4;0
33797884;3;2;4;5;2;1;8;2;1;4;3;1
33797884;4;1;3;2;1;1;3;2;6;2;3;1
33797884;4;2;3;2;1;2;2;5;2;1;3;0
33797884;5;1;4;2;2;1;6;1;6;1;2;0
33797884;5;2;5;2;1;2;8;5;2;5;1;1
33797884;6;1;3;4;2;1;8;7;6;5;2;1
33797884;6;2;6;2;2;2;6;2;7;5;4;0
33797884;7;1;4;5;1;1;1;2;2;1;1;1
33797884;7;2;4;4;1;1;7;7;6;3;2;0
33797884;8;1;1;2;1;1;5;1;4;5;3;0
33797884;8;2;3;4;1;2;4;6;7;4;3;1
33797884;9;1;1;1;2;1;10;3;7;5;3;0
33797884;9;2;5;1;1;1;10;4;4;3;2;1
33797884;10;1;6;5;1;2;9;7;2;2;1;0
33797884;10;2;5;2;1;2;2;5;4;5;2;1
33797899;1;1;2;5;2;2;4;5;3;3;4;1
33797899;1;2;5;2;2;2;9;5;2;5;3;0
33797899;2;1;2;3;2;1;5;7;7;1;2;0
33797899;2;2;2;5;1;1;5;5;1;1;1;1
33797899;3;1;5;4;2;2;7;1;6;1;2;0
33797899;3;2;6;2;2;1;6;1;4;4;4;1
33797899;4;1;1;5;2;1;10;5;4;2;2;0
33797899;4;2;1;4;1;2;10;1;3;2;3;1
33797899;5;1;4;5;2;1;8;5;2;3;2;0
33797899;5;2;2;1;1;2;5;3;1;1;4;1
33797899;6;1;6;3;1;1;2;3;6;4;2;1
33797899;6;2;6;2;1;2;1;6;5;1;1;0
33797899;7;1;2;4;2;2;2;5;5;5;2;1
33797899;7;2;4;3;2;2;9;7;3;4;1;0
33797899;8;1;3;3;2;1;6;2;6;2;2;1
33797899;8;2;1;1;1;2;10;1;1;3;4;0
33797899;9;1;2;5;2;2;9;1;1;2;2;1
33797899;9;2;2;3;1;1;4;6;6;2;3;0
33797899;10;1;6;1;2;2;1;6;4;5;4;1
33797899;10;2;5;3;1;1;3;6;3;1;1;0
33797902;1;1;4;1;1;1;3;5;1;1;3;1
33797902;1;2;1;2;1;2;9;3;3;4;3;0
33797902;2;1;5;5;1;2;7;3;2;5;1;1
33797902;2;2;6;1;1;1;2;7;6;5;4;0
33797902;3;1;3;4;1;1;1;3;4;1;4;1
33797902;3;2;6;4;1;2;8;3;5;5;4;0
33797902;4;1;6;4;2;1;10;6;7;1;2;1
33797902;4;2;1;5;1;1;4;2;7;3;2;0
33797902;5;1;4;1;2;1;3;3;6;3;2;1
33797902;5;2;6;1;2;2;9;4;1;2;4;0
33797902;6;1;3;1;1;2;9;4;7;1;4;1
33797902;6;2;2;1;1;1;4;4;1;5;1;0
33797902;7;1;6;5;2;2;6;5;3;5;1;1
33797902;7;2;6;1;2;2;4;6;2;2;1;0
33797902;8;1;5;3;2;1;5;6;5;5;1;0
33797902;8;2;4;3;2;2;6;7;5;1;4;1
33797902;9;1;6;5;1;2;1;4;5;1;3;1
33797902;9;2;1;1;1;1;10;3;3;4;1;0
33797902;10;1;2;1;2;1;8;1;4;1;1;0
33797902;10;2;3;2;1;2;3;5;6;2;3;1
33797996;1;1;2;5;1;1;5;7;1;1;1;1
33797996;1;2;1;4;2;2;5;5;2;2;4;0
33797996;2;1;2;2;2;2;5;6;7;2;1;1
33797996;2;2;1;4;2;1;3;4;7;4;2;0
33797996;3;1;5;4;1;1;3;2;5;1;3;1
33797996;3;2;3;1;2;2;2;1;2;4;3;0
33797996;4;1;4;2;1;2;4;4;7;3;3;0
33797996;4;2;6;3;1;2;2;2;5;1;4;1
33797996;5;1;4;2;2;2;10;6;5;3;2;0
33797996;5;2;2;4;1;2;6;5;1;5;3;1
33797996;6;1;1;4;2;1;3;5;6;2;4;0
33797996;6;2;3;5;1;2;1;3;2;5;3;1
33797996;7;1;4;5;2;2;6;5;1;2;4;1
33797996;7;2;6;5;2;2;8;2;5;3;4;0
33797996;8;1;2;2;2;1;1;1;5;1;1;1
33797996;8;2;3;5;1;1;7;4;7;1;4;0
33797996;9;1;1;5;2;2;5;2;2;1;1;0
33797996;9;2;3;3;2;1;8;6;6;2;4;1
33797996;10;1;4;5;2;1;9;7;4;2;1;1
33797996;10;2;4;3;2;2;6;5;4;3;3;0
33798030;1;1;2;1;1;1;8;3;4;3;3;1
33798030;1;2;3;3;1;2;10;7;2;4;1;0
33798030;2;1;6;1;1;2;10;3;3;1;3;1
33798030;2;2;1;2;2;2;7;7;2;3;3;0
33798030;3;1;6;5;1;1;5;3;2;2;2;1
33798030;3;2;6;1;1;1;10;5;7;5;3;0
33798030;4;1;3;2;2;1;7;3;7;2;1;1
33798030;4;2;1;1;1;1;6;3;3;2;4;0
33798030;5;1;3;4;2;1;2;3;5;2;1;1
33798030;5;2;6;2;1;2;6;7;7;5;3;0
33798030;6;1;6;2;1;2;10;4;3;4;3;1
33798030;6;2;2;3;2;2;6;4;7;5;2;0
33798030;7;1;6;2;1;1;8;7;3;3;4;0
33798030;7;2;6;2;1;2;10;4;2;1;4;1
33798030;8;1;6;3;2;2;3;3;6;4;4;1
33798030;8;2;1;5;1;1;3;4;4;3;3;0
33798030;9;1;4;2;1;2;1;5;4;1;4;1
33798030;9;2;4;2;2;2;8;5;4;2;3;0
33798030;10;1;5;5;2;2;1;2;3;5;4;1
33798030;10;2;3;1;2;2;8;1;7;2;4;0
33798040;1;1;5;5;1;2;6;7;6;1;1;0
33798040;1;2;1;5;1;2;1;5;5;1;3;1
33798040;2;1;4;2;1;2;6;1;2;3;2;1
33798040;2;2;2;4;2;2;6;6;7;1;1;0
33798040;3;1;4;4;2;1;1;4;4;4;1;1
33798040;3;2;1;3;2;1;1;7;7;4;2;0
33798040;4;1;2;5;2;1;7;1;6;2;3;1
33798040;4;2;4;5;2;2;6;7;1;4;3;0
33798040;5;1;5;2;1;1;6;2;5;4;4;1
33798040;5;2;4;1;2;1;3;2;6;1;4;0
33798040;6;1;6;2;2;1;4;2;7;5;2;1
33798040;6;2;2;1;2;1;1;4;5;2;2;0
33798040;7;1;1;1;1;1;4;3;6;2;3;1
33798040;7;2;3;5;2;2;2;5;4;1;1;0
33798040;8;1;4;5;2;1;2;5;1;2;3;0
33798040;8;2;3;5;1;1;6;1;4;4;3;1
33798040;9;1;5;5;1;1;9;1;1;4;2;1
33798040;9;2;1;1;1;2;4;5;4;5;3;0
33798040;10;1;6;1;2;1;7;5;3;1;2;0
33798040;10;2;2;5;1;2;10;3;7;2;4;1
33798081;1;1;3;5;2;2;8;6;5;4;2;1
33798081;1;2;1;2;1;1;1;5;5;4;1;0
33798081;2;1;6;4;2;2;8;2;5;5;2;1
33798081;2;2;1;5;1;2;5;5;3;3;3;0
33798081;3;1;1;5;2;2;9;5;2;3;3;0
33798081;3;2;3;3;2;1;6;1;6;4;4;1
33798081;4;1;4;1;1;1;1;7;5;4;2;0
33798081;4;2;6;2;1;1;4;4;1;4;4;1
33798081;5;1;1;1;1;2;5;5;1;5;2;0
33798081;5;2;4;2;1;1;8;5;1;3;2;1
33798081;6;1;2;2;2;2;7;3;5;1;2;0
33798081;6;2;2;4;2;1;7;5;7;3;1;1
33798081;7;1;1;2;1;1;7;7;7;2;1;0
33798081;7;2;1;1;1;2;9;3;4;4;3;1
33798081;8;1;5;3;1;2;2;1;4;5;3;1
33798081;8;2;1;5;2;2;6;1;1;3;1;0
33798081;9;1;1;1;2;2;6;6;7;5;1;0
33798081;9;2;2;3;2;2;4;4;2;5;1;1
33798081;10;1;1;5;1;2;7;3;2;2;2;0
33798081;10;2;4;3;1;1;8;7;7;1;4;1
33798089;1;1;4;5;1;1;1;4;4;2;1;1
33798089;1;2;5;1;1;1;10;3;3;2;1;0
33798089;2;1;4;3;2;1;7;6;1;1;1;0
33798089;2;2;2;1;1;2;9;6;2;3;1;1
33798089;3;1;1;3;2;2;4;1;2;3;2;0
33798089;3;2;2;2;1;1;9;1;3;5;3;1
33798089;4;1;4;4;1;2;2;1;6;2;4;1
33798089;4;2;4;4;2;1;10;2;2;4;2;0
33798089;5;1;2;2;2;2;5;4;5;1;4;0
33798089;5;2;6;4;1;2;8;7;3;2;3;1
33798089;6;1;5;2;1;1;6;1;6;2;4;1
33798089;6;2;2;1;2;1;8;1;5;3;4;0
33798089;7;1;6;4;1;1;9;1;6;5;2;0
33798089;7;2;1;5;1;1;10;1;5;3;2;1
33798089;8;1;2;3;2;1;5;6;1;5;4;0
33798089;8;2;2;1;1;2;4;3;2;4;1;1
33798089;9;1;5;3;1;2;4;2;4;5;2;1
33798089;9;2;6;4;2;2;5;5;4;5;4;0
33798089;10;1;1;2;1;2;3;6;2;2;2;0
33798089;10;2;5;5;1;2;3;2;3;5;4;1
33798269;1;1;3;4;1;1;2;7;3;5;1;0
33798269;1;2;3;4;1;1;5;6;7;1;4;1
33798269;2;1;2;4;2;1;6;4;4;1;2;1
33798269;2;2;5;5;1;1;6;6;7;4;1;0
33798269;3;1;3;2;1;1;2;3;3;2;1;1
33798269;3;2;5;5;2;1;2;6;6;5;1;0
33798269;4;1;4;4;2;2;8;7;1;5;4;0
33798269;4;2;4;2;1;2;9;1;7;2;3;1
33798269;5;1;4;3;2;1;5;2;7;2;2;0
33798269;5;2;2;4;2;2;3;7;6;4;4;1
33798269;6;1;5;1;1;1;1;4;7;5;4;1
33798269;6;2;3;4;1;2;7;3;1;2;3;0
33798269;7;1;4;2;2;2;1;6;4;4;1;0
33798269;7;2;6;2;1;1;3;6;2;4;3;1
33798269;8;1;4;5;2;2;2;2;5;4;1;0
33798269;8;2;1;2;2;2;4;7;3;2;2;1
33798269;9;1;2;2;2;2;6;3;7;2;4;0
33798269;9;2;5;2;1;1;5;2;7;4;3;1
33798269;10;1;2;4;2;1;8;5;2;5;2;0
33798269;10;2;4;2;2;1;1;2;4;2;1;1
33798304;1;1;1;4;2;1;2;4;6;2;1;0
33798304;1;2;4;2;1;1;6;1;2;3;3;1
33798304;2;1;6;1;1;1;10;5;3;3;4;1
33798304;2;2;6;5;1;1;6;6;3;5;2;0
33798304;3;1;3;5;1;2;3;7;1;4;4;1
33798304;3;2;3;4;1;2;10;6;7;2;4;0
33798304;4;1;2;4;2;2;7;6;6;2;4;1
33798304;4;2;6;4;1;2;5;1;7;5;3;0
33798304;5;1;2;1;2;1;10;5;3;5;2;1
33798304;5;2;6;1;1;1;9;3;2;5;3;0
33798304;6;1;3;3;1;2;8;1;3;5;2;1
33798304;6;2;3;3;2;1;9;1;1;1;2;0
33798304;7;1;2;5;2;2;9;6;1;4;4;1
33798304;7;2;4;1;1;2;6;1;3;4;1;0
33798304;8;1;2;2;2;2;10;1;4;2;2;1
33798304;8;2;2;1;1;2;5;6;5;2;2;0
33798304;9;1;3;5;1;2;5;7;2;2;2;1
33798304;9;2;6;4;2;2;1;2;7;2;2;0
33798304;10;1;1;1;1;2;1;3;3;2;1;1
33798304;10;2;1;4;1;1;4;7;2;2;4;0
33798332;1;1;2;5;1;2;7;6;1;1;2;1
33798332;1;2;3;5;2;2;2;5;5;4;2;0
33798332;2;1;2;2;1;1;2;3;2;4;4;1
33798332;2;2;2;2;1;1;3;2;6;1;3;0
33798332;3;1;6;2;1;2;5;7;4;4;3;0
33798332;3;2;6;2;1;1;3;7;1;3;1;1
33798332;4;1;1;4;1;1;7;6;5;5;3;0
33798332;4;2;3;5;1;2;2;2;3;3;1;1
33798332;5;1;3;4;1;2;3;2;1;2;1;1
33798332;5;2;3;4;1;2;1;7;6;2;4;0
33798332;6;1;2;5;2;2;9;4;2;3;2;1
33798332;6;2;4;1;2;2;6;4;5;3;3;0
33798332;7;1;4;2;2;2;2;1;5;4;3;1
33798332;7;2;3;2;2;2;8;7;7;5;4;0
33798332;8;1;4;4;1;2;8;1;4;2;2;0
33798332;8;2;4;2;2;2;4;3;1;1;2;1
33798332;9;1;1;4;2;1;3;5;5;4;2;0
33798332;9;2;6;1;1;2;3;2;1;2;4;1
33798332;10;1;5;3;1;2;9;6;3;1;2;1
33798332;10;2;6;4;2;1;2;2;7;4;2;0
33798345;1;1;2;3;2;1;10;2;6;4;4;0
33798345;1;2;4;1;2;2;9;3;1;4;2;1
33798345;2;1;3;2;1;1;8;2;2;4;4;1
33798345;2;2;6;1;1;1;5;2;5;1;3;0
33798345;3;1;3;5;2;1;6;5;7;3;3;0
33798345;3;2;3;1;1;1;9;1;6;1;2;1
33798345;4;1;6;3;1;2;7;6;7;2;2;0
33798345;4;2;1;2;2;1;5;3;2;5;2;1
33798345;5;1;5;1;1;2;2;1;7;2;2;0
33798345;5;2;5;4;1;2;2;6;3;3;4;1
33798345;6;1;6;3;1;1;5;1;5;1;2;1
33798345;6;2;2;5;2;2;3;2;7;3;2;0
33798345;7;1;1;1;1;2;10;4;1;5;3;1
33798345;7;2;2;4;2;2;10;2;6;3;3;0
33798345;8;1;3;1;1;1;6;3;5;4;1;0
33798345;8;2;2;5;2;1;5;7;1;2;1;1
33798345;9;1;2;2;2;2;5;2;2;1;2;1
33798345;9;2;2;1;1;1;9;6;5;3;2;0
33798345;10;1;2;4;1;2;6;1;2;2;3;1
33798345;10;2;1;2;1;1;4;6;5;4;1;0
33798519;1;1;6;5;1;2;3;4;1;4;2;1
33798519;1;2;4;3;2;1;6;7;4;2;2;0
33798519;2;1;2;5;2;1;1;7;2;2;2;0
33798519;2;2;1;1;1;1;4;6;5;1;4;1
33798519;3;1;3;3;1;1;2;5;6;4;1;1
33798519;3;2;5;3;1;2;9;7;5;2;2;0
33798519;4;1;4;3;1;2;4;2;2;4;2;1
33798519;4;2;5;1;1;1;2;1;4;5;3;0
33798519;5;1;2;3;1;2;10;3;6;3;2;1
33798519;5;2;3;4;1;2;6;7;1;3;1;0
33798519;6;1;3;3;2;1;6;7;7;5;2;0
33798519;6;2;1;1;2;2;8;1;3;1;2;1
33798519;7;1;4;1;1;1;2;6;3;5;2;0
33798519;7;2;4;3;2;1;10;4;3;2;1;1
33798519;8;1;4;5;2;1;10;4;2;1;4;1
33798519;8;2;2;3;1;2;1;5;1;4;2;0
33798519;9;1;4;5;1;2;9;3;3;3;2;1
33798519;9;2;6;4;1;1;6;4;1;1;1;0
33798519;10;1;4;2;1;1;8;1;1;2;4;1
33798519;10;2;2;1;1;1;8;1;3;1;3;0
33798542;1;1;6;3;2;1;10;5;3;3;4;1
33798542;1;2;6;3;1;2;5;7;6;3;1;0
33798542;2;1;5;4;2;2;5;6;5;5;3;1
33798542;2;2;6;4;1;1;5;6;5;4;4;0
33798542;3;1;4;5;2;1;6;3;1;2;4;1
33798542;3;2;3;2;2;1;8;5;5;1;3;0
33798542;4;1;3;5;2;2;4;4;2;3;3;1
33798542;4;2;1;1;2;2;10;6;2;2;1;0
33798542;5;1;4;5;2;2;3;1;1;3;4;1
33798542;5;2;3;1;1;2;1;1;1;2;4;0
33798542;6;1;3;2;1;2;5;2;5;3;3;0
33798542;6;2;1;5;2;1;5;3;4;3;1;1
33798542;7;1;5;1;2;1;10;3;1;1;1;1
33798542;7;2;5;1;1;2;5;1;7;3;4;0
33798542;8;1;5;3;2;2;5;4;7;5;4;1
33798542;8;2;5;3;1;1;8;2;6;2;1;0
33798542;9;1;3;2;2;1;4;6;2;3;4;1
33798542;9;2;4;5;2;1;10;4;2;5;1;0
33798542;10;1;1;4;1;1;8;1;4;4;2;0
33798542;10;2;2;5;1;2;1;6;3;2;1;1
33798561;1;1;6;3;1;1;4;3;1;3;3;0
33798561;1;2;4;2;1;1;8;7;5;1;4;1
33798561;2;1;4;5;1;1;7;2;3;3;2;1
33798561;2;2;6;1;1;1;6;7;7;3;3;0
33798561;3;1;5;3;2;1;10;5;3;4;1;1
33798561;3;2;5;1;2;1;3;7;7;5;4;0
33798561;4;1;3;2;2;1;7;2;5;1;4;1
33798561;4;2;5;1;2;2;2;4;5;3;1;0
33798561;5;1;4;4;1;1;8;6;6;5;1;0
33798561;5;2;6;4;1;1;4;6;4;1;2;1
33798561;6;1;1;4;2;2;3;2;2;3;2;1
33798561;6;2;1;4;2;2;2;2;2;1;3;0
33798561;7;1;3;3;2;1;2;3;1;2;4;0
33798561;7;2;1;4;1;1;9;7;7;1;4;1
33798561;8;1;3;1;2;1;8;7;1;4;4;0
33798561;8;2;1;2;1;1;6;4;4;1;4;1
33798561;9;1;2;4;2;1;7;2;1;5;2;1
33798561;9;2;2;3;1;1;6;2;7;2;2;0
33798561;10;1;3;1;1;1;6;7;4;4;1;0
33798561;10;2;1;2;2;2;3;2;2;5;2;1
33798596;1;1;1;1;2;1;7;1;3;2;3;0
33798596;1;2;3;4;1;1;8;4;2;2;2;1
33798596;2;1;1;4;1;2;9;4;7;3;3;0
33798596;2;2;4;2;2;1;9;5;4;1;4;1
33798596;3;1;1;3;2;2;4;3;3;2;3;0
33798596;3;2;1;3;1;2;3;3;5;3;1;1
33798596;4;1;5;5;2;1;6;3;2;1;4;1
33798596;4;2;5;1;1;1;9;3;6;5;3;0
33798596;5;1;6;1;1;2;7;4;4;1;1;0
33798596;5;2;2;2;1;1;5;2;3;2;3;1
33798596;6;1;2;5;1;1;7;3;6;4;4;0
33798596;6;2;1;3;2;1;9;3;6;1;1;1
33798596;7;1;5;4;2;1;8;6;7;2;2;1
33798596;7;2;2;2;2;2;1;5;2;4;2;0
33798596;8;1;5;2;2;1;8;2;7;5;4;1
33798596;8;2;1;4;1;1;6;4;4;5;1;0
33798596;9;1;3;5;2;2;4;1;4;5;4;1
33798596;9;2;3;3;1;2;7;6;2;3;1;0
33798596;10;1;4;1;1;1;8;1;4;3;2;1
33798596;10;2;2;1;2;1;7;4;7;3;3;0
33798599;1;1;5;3;1;1;4;5;7;4;4;0
33798599;1;2;5;5;1;1;4;5;5;5;3;1
33798599;2;1;3;1;2;1;7;7;4;1;4;0
33798599;2;2;2;5;2;1;1;2;1;4;2;1
33798599;3;1;6;5;1;2;3;1;4;4;1;1
33798599;3;2;5;5;1;1;4;3;4;3;1;0
33798599;4;1;5;2;2;2;7;4;5;5;4;1
33798599;4;2;3;1;1;2;10;5;7;1;2;0
33798599;5;1;6;3;1;1;2;4;5;5;2;1
33798599;5;2;4;4;1;1;9;7;3;1;4;0
33798599;6;1;4;5;2;1;2;3;5;5;3;1
33798599;6;2;6;1;2;1;6;4;4;1;1;0
33798599;7;1;5;2;2;2;8;5;1;1;1;0
33798599;7;2;3;2;2;1;1;1;3;3;2;1
33798599;8;1;2;3;1;1;1;5;1;3;4;1
33798599;8;2;6;3;2;2;6;4;2;1;3;0
33798599;9;1;6;2;2;1;3;6;7;2;2;1
33798599;9;2;1;2;2;1;8;1;4;5;4;0
33798599;10;1;4;4;1;1;8;2;2;2;3;1
33798599;10;2;3;4;2;1;10;5;1;1;2;0
33798636;1;1;1;1;2;1;1;3;4;4;3;0
33798636;1;2;3;4;1;1;1;2;6;3;1;1
33798636;2;1;2;1;1;1;4;4;6;3;2;1
33798636;2;2;2;4;2;2;7;5;3;5;1;0
33798636;3;1;5;3;2;1;1;6;5;4;3;0
33798636;3;2;5;5;2;2;10;2;5;4;4;1
33798636;4;1;4;2;1;2;3;3;3;4;3;1
33798636;4;2;4;4;1;2;2;4;3;1;1;0
33798636;5;1;1;5;2;1;6;4;5;2;4;0
33798636;5;2;6;2;1;2;3;5;4;4;3;1
33798636;6;1;6;3;1;1;4;4;2;2;1;1
33798636;6;2;5;5;1;2;1;6;6;2;4;0
33798636;7;1;4;3;2;2;2;2;3;3;4;1
33798636;7;2;6;3;2;2;6;4;4;3;1;0
33798636;8;1;1;1;1;2;7;2;6;4;2;0
33798636;8;2;4;1;2;2;5;5;4;4;2;1
33798636;9;1;1;5;2;1;2;6;4;3;1;0
33798636;9;2;5;2;2;1;3;3;7;2;1;1
33798636;10;1;2;4;2;1;2;4;5;5;3;1
33798636;10;2;5;5;1;1;10;6;1;2;1;0
33798686;1;1;6;2;2;1;2;7;7;5;2;0
33798686;1;2;6;5;1;1;10;1;2;1;1;1
33798686;2;1;1;4;1;1;7;1;4;2;3;1
33798686;2;2;5;4;1;1;7;4;6;2;1;0
33798686;3;1;3;5;1;1;8;5;5;5;3;0
33798686;3;2;1;4;2;2;2;4;6;4;1;1
33798686;4;1;2;2;1;2;6;3;5;1;2;1
33798686;4;2;3;5;2;1;1;7;2;4;2;0
33798686;5;1;5;3;2;2;5;5;6;1;1;0
33798686;5;2;4;3;2;1;2;5;6;3;1;1
33798686;6;1;3;2;1;1;1;1;6;2;4;1
33798686;6;2;5;3;1;1;2;5;7;2;1;0
33798686;7;1;5;3;2;2;2;4;4;1;4;0
33798686;7;2;3;4;1;1;3;5;5;2;1;1
33798686;8;1;3;3;2;2;3;4;3;4;4;0
33798686;8;2;4;1;2;2;5;5;3;5;1;1
33798686;9;1;1;2;1;1;8;3;3;4;1;0
33798686;9;2;6;3;1;1;5;2;4;3;4;1
33798686;10;1;2;1;2;2;3;3;1;2;4;0
33798686;10;2;1;3;2;1;7;1;6;1;2;1
33798697;1;1;1;4;1;2;10;6;6;5;3;0
33798697;1;2;5;5;2;1;1;2;3;4;2;1
33798697;2;1;4;5;2;2;6;1;6;1;1;0
33798697;2;2;5;1;1;2;1;2;2;3;3;1
33798697;3;1;5;4;1;1;5;3;6;1;2;0
33798697;3;2;5;1;1;1;10;5;6;3;4;1
33798697;4;1;4;5;1;1;7;7;3;4;1;1
33798697;4;2;6;2;2;2;1;7;2;2;1;0
33798697;5;1;4;3;1;1;10;7;1;3;1;1
33798697;5;2;1;4;2;2;1;3;2;2;3;0
33798697;6;1;2;4;1;1;6;5;1;4;1;1
33798697;6;2;2;1;2;2;4;6;4;1;4;0
33798697;7;1;6;4;2;2;7;5;2;3;2;1
33798697;7;2;6;4;2;1;6;1;1;2;1;0
33798697;8;1;5;1;2;1;6;7;3;3;4;1
33798697;8;2;6;2;1;1;10;6;6;3;4;0
33798697;9;1;6;1;2;2;10;2;5;2;4;1
33798697;9;2;3;4;1;1;1;3;5;2;4;0
33798697;10;1;5;5;2;1;3;5;7;2;4;0
33798697;10;2;4;2;1;2;8;1;3;2;3;1
33798988;1;1;1;3;1;2;10;3;2;4;1;1
33798988;1;2;4;3;1;2;6;1;4;2;4;0
33798988;2;1;5;5;1;1;6;3;7;3;3;1
33798988;2;2;2;2;1;1;1;6;7;4;2;0
33798988;3;1;4;1;2;1;3;7;1;4;1;0
33798988;3;2;4;4;2;2;2;3;1;3;1;1
33798988;4;1;1;2;2;1;9;1;3;5;3;1
33798988;4;2;5;4;2;1;3;3;7;3;3;0
33798988;5;1;5;5;1;1;3;2;4;5;1;1
33798988;5;2;6;2;2;1;5;5;5;4;4;0
33798988;6;1;1;5;2;1;8;3;6;4;4;1
33798988;6;2;3;5;2;1;9;4;7;3;2;0
33798988;7;1;5;5;2;2;2;5;6;1;1;1
33798988;7;2;6;2;1;1;2;7;4;3;2;0
33798988;8;1;4;5;2;2;8;3;1;1;4;1
33798988;8;2;3;5;2;2;5;3;5;2;3;0
33798988;9;1;1;3;2;1;9;5;6;2;3;1
33798988;9;2;4;2;1;2;1;3;7;5;2;0
33798988;10;1;6;3;2;1;3;3;3;1;4;1
33798988;10;2;2;2;1;1;2;7;2;5;1;0
33799225;1;1;5;4;2;1;3;5;4;5;1;1
33799225;1;2;2;1;1;1;5;7;6;4;4;0
33799225;2;1;5;4;2;2;5;6;4;3;2;0
33799225;2;2;4;3;2;1;9;3;6;4;2;1
33799225;3;1;4;5;2;2;3;2;5;3;4;1
33799225;3;2;4;2;2;2;6;4;5;4;4;0
33799225;4;1;2;4;2;1;8;4;5;1;3;0
33799225;4;2;5;1;2;1;7;3;2;4;2;1
33799225;5;1;6;4;2;1;6;2;3;1;4;0
33799225;5;2;3;4;1;1;6;7;7;1;1;1
33799225;6;1;6;1;2;1;7;6;1;3;1;0
33799225;6;2;5;3;2;1;1;2;4;3;2;1
33799225;7;1;1;2;1;1;4;2;7;4;4;1
33799225;7;2;3;1;1;2;8;5;5;2;3;0
33799225;8;1;3;3;1;1;10;2;5;1;1;1
33799225;8;2;3;5;2;2;2;2;7;3;3;0
33799225;9;1;1;5;1;1;7;4;1;3;4;1
33799225;9;2;4;5;2;1;4;7;7;1;2;0
33799225;10;1;6;4;1;2;9;3;6;1;2;1
33799225;10;2;2;4;2;2;4;3;2;3;2;0
33799227;1;1;2;3;2;2;1;5;3;3;1;1
33799227;1;2;1;2;2;1;1;7;1;2;4;0
33799227;2;1;6;4;1;1;7;6;6;3;4;1
33799227;2;2;5;5;1;2;4;7;6;3;2;0
33799227;3;1;6;1;2;1;10;3;3;1;1;1
33799227;3;2;1;5;1;1;2;2;3;4;1;0
33799227;4;1;4;5;2;1;8;7;1;2;4;0
33799227;4;2;5;4;1;2;3;6;3;5;4;1
33799227;5;1;6;4;2;2;8;6;6;3;2;0
33799227;5;2;3;5;1;1;1;2;6;5;4;1
33799227;6;1;6;3;1;2;7;5;3;3;2;0
33799227;6;2;3;4;1;1;10;6;5;5;4;1
33799227;7;1;3;3;2;1;9;1;4;2;2;0
33799227;7;2;2;3;1;1;7;6;2;4;4;1
33799227;8;1;3;5;1;2;4;2;4;2;2;1
33799227;8;2;5;3;1;1;4;6;1;1;2;0
33799227;9;1;1;1;2;1;8;7;7;5;3;0
33799227;9;2;2;1;1;1;6;1;1;2;2;1
33799227;10;1;4;4;1;1;7;2;5;3;3;1
33799227;10;2;3;1;1;2;5;4;1;1;4;0
33799280;1;1;1;3;1;2;2;2;7;2;4;0
33799280;1;2;2;2;1;2;10;1;4;4;1;1
33799280;2;1;4;3;1;1;7;3;3;2;2;1
33799280;2;2;6;2;1;2;7;1;3;5;4;0
33799280;3;1;4;2;1;1;8;5;3;4;1;0
33799280;3;2;1;4;1;2;10;1;5;1;1;1
33799280;4;1;2;4;2;1;7;1;3;5;2;1
33799280;4;2;5;3;2;1;2;1;7;5;1;0
33799280;5;1;5;4;2;2;10;1;5;3;4;0
33799280;5;2;5;2;1;1;8;7;1;2;3;1
33799280;6;1;6;1;2;1;10;7;1;2;4;0
33799280;6;2;2;2;2;2;1;2;5;2;1;1
33799280;7;1;2;1;1;1;8;1;5;1;2;0
33799280;7;2;2;4;2;2;3;7;6;3;3;1
33799280;8;1;1;4;2;2;6;7;6;2;2;0
33799280;8;2;5;5;2;1;7;7;7;5;1;1
33799280;9;1;3;2;1;1;5;1;4;3;1;0
33799280;9;2;5;5;2;2;7;1;6;1;3;1
33799280;10;1;6;3;2;1;7;5;5;2;4;0
33799280;10;2;5;5;2;2;3;6;7;4;4;1
33799341;1;1;2;1;2;2;7;6;1;2;4;1
33799341;1;2;3;2;1;1;4;5;4;3;4;0
33799341;2;1;5;3;1;2;8;2;5;4;2;1
33799341;2;2;1;2;1;1;5;2;2;4;4;0
33799341;3;1;4;2;2;2;8;3;1;3;2;1
33799341;3;2;1;2;2;2;10;3;7;4;3;0
33799341;4;1;4;3;1;2;7;7;5;5;1;1
33799341;4;2;1;1;2;1;9;6;4;5;3;0
33799341;5;1;6;1;1;2;8;5;4;2;2;1
33799341;5;2;3;2;2;1;4;1;7;2;4;0
33799341;6;1;1;3;1;1;3;2;4;1;4;0
33799341;6;2;4;5;1;1;3;3;2;4;1;1
33799341;7;1;2;2;1;1;4;2;3;3;3;1
33799341;7;2;3;3;1;2;7;3;5;2;1;0
33799341;8;1;2;5;1;2;4;3;6;5;1;1
33799341;8;2;1;3;1;2;8;3;3;3;4;0
33799341;9;1;3;4;1;1;9;7;3;2;1;1
33799341;9;2;1;4;2;2;4;4;5;3;3;0
33799341;10;1;2;4;2;1;5;7;3;5;4;1
33799341;10;2;6;4;2;2;2;5;3;3;2;0
33799363;1;1;5;4;2;1;2;7;7;5;2;0
33799363;1;2;4;1;1;2;8;2;7;1;1;1
33799363;2;1;4;3;2;1;7;5;7;5;1;0
33799363;2;2;5;5;1;1;7;7;5;5;2;1
33799363;3;1;3;2;1;1;7;3;1;5;1;1
33799363;3;2;1;2;1;1;10;7;4;3;3;0
33799363;4;1;6;1;2;1;7;1;2;2;1;1
33799363;4;2;1;5;2;1;2;1;2;5;4;0
33799363;5;1;3;1;2;1;10;4;2;3;2;1
33799363;5;2;1;3;2;1;3;4;4;2;2;0
33799363;6;1;4;5;2;2;2;7;4;1;2;1
33799363;6;2;1;3;2;2;5;2;7;2;4;0
33799363;7;1;6;4;2;1;5;3;4;4;1;0
33799363;7;2;3;1;2;1;8;6;3;5;4;1
33799363;8;1;2;3;2;1;5;4;7;3;1;1
33799363;8;2;6;2;1;1;3;4;7;3;4;0
33799363;9;1;3;3;2;2;2;3;5;5;2;0
33799363;9;2;5;2;2;2;9;7;7;2;4;1
33799363;10;1;4;2;1;2;3;2;7;1;1;0
33799363;10;2;2;4;1;2;1;1;7;4;4;1
33799471;1;1;1;1;1;1;7;1;5;4;2;0
33799471;1;2;4;1;1;2;6;2;6;3;4;1
33799471;2;1;6;5;2;2;4;7;7;2;4;1
33799471;2;2;5;3;2;2;1;4;6;1;1;0
33799471;3;1;4;4;2;2;1;2;1;1;3;0
33799471;3;2;3;2;1;1;9;7;4;4;3;1
33799471;4;1;5;5;1;1;4;5;3;3;1;1
33799471;4;2;5;2;1;1;10;5;2;4;3;0
33799471;5;1;1;2;1;2;1;7;3;4;4;1
33799471;5;2;5;3;1;1;8;5;2;1;1;0
33799471;6;1;2;3;1;2;10;6;5;5;2;0
33799471;6;2;5;1;1;2;7;6;2;1;3;1
33799471;7;1;1;2;2;2;8;5;2;4;2;0
33799471;7;2;5;4;2;2;9;3;6;4;4;1
33799471;8;1;3;1;2;2;8;5;5;3;3;1
33799471;8;2;5;2;2;1;10;4;6;2;1;0
33799471;9;1;2;3;2;1;7;3;6;1;4;0
33799471;9;2;2;3;2;2;8;7;5;1;2;1
33799471;10;1;2;1;1;2;2;1;5;1;3;1
33799471;10;2;2;4;1;1;3;4;7;1;3;0
33799640;1;1;1;2;2;2;2;5;3;2;2;1
33799640;1;2;4;4;1;1;9;7;5;2;3;0
33799640;2;1;3;3;2;1;1;3;5;2;2;1
33799640;2;2;4;1;2;1;10;4;4;2;1;0
33799640;3;1;6;1;1;2;7;5;2;2;1;1
33799640;3;2;1;2;2;1;6;1;5;3;1;0
33799640;4;1;5;3;1;2;4;2;2;1;3;1
33799640;4;2;5;1;1;1;9;3;1;5;4;0
33799640;5;1;6;5;1;1;3;7;5;5;3;1
33799640;5;2;1;4;2;1;6;2;6;1;1;0
33799640;6;1;6;1;1;2;10;2;4;2;3;1
33799640;6;2;4;4;1;2;4;7;5;2;1;0
33799640;7;1;5;5;1;2;3;1;3;1;4;1
33799640;7;2;1;3;2;1;8;7;3;3;1;0
33799640;8;1;4;4;1;1;4;2;5;2;2;0
33799640;8;2;3;1;1;2;3;4;7;2;1;1
33799640;9;1;6;3;1;1;6;3;7;3;1;0
33799640;9;2;4;5;1;1;5;5;1;1;2;1
33799640;10;1;5;5;2;2;8;3;7;2;4;0
33799640;10;2;5;2;1;1;4;6;1;4;2;1
33799665;1;1;4;5;1;2;1;6;1;4;4;1
33799665;1;2;6;3;1;1;7;5;6;5;2;0
33799665;2;1;3;5;2;1;4;3;5;5;1;0
33799665;2;2;3;5;1;2;1;3;5;3;4;1
33799665;3;1;3;3;2;2;9;4;2;3;3;1
33799665;3;2;4;3;1;2;2;6;7;5;4;0
33799665;4;1;3;4;2;2;8;2;7;2;2;0
33799665;4;2;2;3;1;2;9;6;6;3;2;1
33799665;5;1;3;4;1;2;10;7;3;4;3;1
33799665;5;2;5;4;2;2;10;3;4;3;1;0
33799665;6;1;4;1;1;1;3;2;3;5;2;1
33799665;6;2;4;1;1;2;10;6;4;4;4;0
33799665;7;1;6;2;2;2;10;2;4;1;3;1
33799665;7;2;3;3;1;2;9;7;3;1;2;0
33799665;8;1;1;3;1;2;5;4;5;3;3;0
33799665;8;2;1;2;1;2;5;5;1;3;1;1
33799665;9;1;3;5;1;1;8;6;3;5;1;1
33799665;9;2;1;2;2;1;6;2;7;4;1;0
33799665;10;1;5;5;1;1;9;5;4;2;4;1
33799665;10;2;4;1;1;2;3;2;2;3;4;0
33799824;1;1;3;1;2;2;8;3;4;5;2;0
33799824;1;2;6;4;1;1;9;4;3;4;3;1
33799824;2;1;2;4;1;1;8;6;5;2;4;1
33799824;2;2;3;1;1;2;5;6;4;1;3;0
33799824;3;1;2;4;1;2;8;3;6;1;4;1
33799824;3;2;1;1;1;1;3;5;5;2;2;0
33799824;4;1;4;3;1;2;2;2;3;5;2;1
33799824;4;2;1;3;2;2;1;6;2;1;4;0
33799824;5;1;1;2;1;2;3;7;1;5;1;0
33799824;5;2;1;4;1;2;3;2;3;4;4;1
33799824;6;1;5;2;2;2;2;1;5;4;3;1
33799824;6;2;1;5;1;2;6;7;4;5;4;0
33799824;7;1;1;3;1;1;7;4;2;4;2;0
33799824;7;2;3;5;1;2;9;3;4;4;2;1
33799824;8;1;4;4;1;1;9;2;5;3;4;0
33799824;8;2;2;2;1;2;9;3;2;4;4;1
33799824;9;1;2;4;1;1;1;1;4;3;2;1
33799824;9;2;5;5;1;2;7;7;2;2;3;0
33799824;10;1;6;2;1;2;4;1;6;1;3;1
33799824;10;2;5;2;1;1;6;2;2;2;4;0
33799882;1;1;3;4;1;2;5;2;4;1;2;0
33799882;1;2;4;2;1;1;9;7;1;1;4;1
33799882;2;1;5;4;2;1;5;4;6;3;1;0
33799882;2;2;5;4;2;1;5;4;1;2;4;1
33799882;3;1;6;3;1;1;10;7;2;3;3;0
33799882;3;2;2;1;2;1;7;4;2;3;2;1
33799882;4;1;4;4;2;2;1;3;6;3;2;1
33799882;4;2;3;5;1;2;3;2;6;4;4;0
33799882;5;1;2;1;1;2;10;2;2;2;2;1
33799882;5;2;5;5;2;2;3;3;2;3;3;0
33799882;6;1;5;3;1;2;8;6;3;5;1;1
33799882;6;2;1;4;1;2;6;2;2;5;4;0
33799882;7;1;6;2;2;1;4;1;5;3;4;0
33799882;7;2;4;3;1;2;4;3;4;5;3;1
33799882;8;1;6;3;1;2;7;4;7;3;1;0
33799882;8;2;6;1;1;2;4;2;1;3;4;1
33799882;9;1;3;1;2;2;9;7;7;3;4;0
33799882;9;2;6;1;1;2;4;2;6;3;3;1
33799882;10;1;3;2;2;2;5;7;3;5;2;1
33799882;10;2;1;5;2;1;5;6;4;5;2;0
33799925;1;1;5;2;2;2;2;2;5;5;2;0
33799925;1;2;3;5;2;2;3;7;7;4;4;1
33799925;2;1;4;5;1;1;4;5;3;4;2;0
33799925;2;2;2;5;1;2;10;2;4;3;2;1
33799925;3;1;3;5;2;1;1;5;4;5;2;1
33799925;3;2;3;4;2;2;2;2;2;4;2;0
33799925;4;1;2;4;1;1;6;1;4;1;3;1
33799925;4;2;1;2;2;1;7;4;5;4;2;0
33799925;5;1;1;2;1;1;9;5;3;1;4;1
33799925;5;2;5;2;2;1;3;2;3;4;3;0
33799925;6;1;2;5;1;1;6;6;2;3;4;1
33799925;6;2;5;3;1;2;4;4;1;4;4;0
33799925;7;1;3;4;1;2;6;2;3;1;2;0
33799925;7;2;1;1;1;2;2;6;5;1;4;1
33799925;8;1;3;5;2;1;8;7;3;2;2;0
33799925;8;2;4;2;1;1;6;7;5;1;3;1
33799925;9;1;1;2;2;1;2;5;5;4;2;0
33799925;9;2;2;2;1;2;8;2;4;1;4;1
33799925;10;1;3;2;2;1;10;7;5;3;1;1
33799925;10;2;4;2;1;2;6;2;2;4;1;0
33800208;1;1;2;1;1;1;8;2;7;4;4;0
33800208;1;2;4;5;2;2;4;4;6;5;4;1
33800208;2;1;5;5;2;1;6;1;7;1;2;1
33800208;2;2;2;3;1;2;4;6;2;5;2;0
33800208;3;1;2;2;1;1;4;5;3;4;3;0
33800208;3;2;4;2;1;2;1;4;1;4;4;1
33800208;4;1;3;3;2;1;5;3;6;3;3;1
33800208;4;2;5;1;1;1;1;4;3;5;1;0
33800208;5;1;1;3;1;1;1;2;2;4;2;1
33800208;5;2;6;2;1;2;4;6;4;2;3;0
33800208;6;1;4;1;1;2;7;1;6;2;3;0
33800208;6;2;5;5;2;1;8;3;6;5;3;1
33800208;7;1;4;3;1;2;7;5;5;2;3;0
33800208;7;2;1;1;2;1;1;7;5;4;2;1
33800208;8;1;6;2;1;2;5;5;1;2;1;0
33800208;8;2;4;5;2;2;7;1;2;1;3;1
33800208;9;1;6;1;2;2;9;3;2;4;2;1
33800208;9;2;3;1;1;1;6;4;5;4;1;0
33800208;10;1;6;2;1;2;7;3;4;5;1;1
33800208;10;2;4;4;1;2;4;6;5;4;4;0
33800273;1;1;5;3;2;2;9;4;7;5;2;0
33800273;1;2;3;4;1;1;1;2;1;5;4;1
33800273;2;1;3;5;2;1;10;5;1;1;2;0
33800273;2;2;3;1;1;2;8;6;7;2;2;1
33800273;3;1;5;1;1;1;2;6;4;1;2;0
33800273;3;2;3;1;2;2;8;3;2;5;3;1
33800273;4;1;6;3;2;2;8;6;3;1;2;0
33800273;4;2;5;3;1;2;3;4;3;5;4;1
33800273;5;1;4;2;1;1;9;1;3;2;2;1
33800273;5;2;5;5;1;1;5;3;2;2;1;0
33800273;6;1;6;5;2;2;8;2;7;2;1;1
33800273;6;2;5;4;2;2;1;4;5;1;1;0
33800273;7;1;1;5;1;1;6;6;5;3;2;0
33800273;7;2;1;2;1;2;4;5;1;4;3;1
33800273;8;1;2;3;2;2;9;5;1;1;1;1
33800273;8;2;4;2;2;2;9;4;5;2;1;0
33800273;9;1;3;1;2;2;7;5;5;1;4;1
33800273;9;2;5;5;2;1;4;2;5;3;1;0
33800273;10;1;1;2;2;2;7;3;7;1;4;1
33800273;10;2;2;5;1;2;1;7;3;3;1;0
33800484;1;1;1;2;1;2;9;6;2;3;3;0
33800484;1;2;5;5;1;2;2;2;7;3;3;1
33800484;2;1;2;1;1;2;6;7;2;3;2;0
33800484;2;2;4;4;2;1;8;2;3;2;1;1
33800484;3;1;2;3;1;1;5;3;1;1;3;0
33800484;3;2;6;3;1;1;10;7;6;4;2;1
33800484;4;1;2;3;2;2;6;6;1;2;1;0
33800484;4;2;2;5;1;2;1;5;3;1;4;1
33800484;5;1;3;4;1;1;4;2;6;3;3;1
33800484;5;2;5;2;1;2;7;1;1;2;4;0
33800484;6;1;3;2;1;2;3;4;4;2;2;1
33800484;6;2;6;5;1;1;7;2;3;1;4;0
33800484;7;1;1;4;2;1;5;7;2;1;1;1
33800484;7;2;2;1;2;1;2;3;6;2;2;0
33800484;8;1;5;3;1;2;2;7;4;3;1;0
33800484;8;2;1;1;1;1;10;7;3;3;3;1
33800484;9;1;2;1;1;1;9;2;5;3;1;0
33800484;9;2;1;3;2;2;9;5;6;4;2;1
33800484;10;1;6;1;2;2;10;7;2;5;1;1
33800484;10;2;2;2;2;2;10;1;6;2;3;0
33800495;1;1;4;2;2;2;8;5;5;4;2;1
33800495;1;2;3;1;2;1;5;4;3;3;1;0
33800495;2;1;4;4;2;2;8;5;2;5;4;1
33800495;2;2;5;3;2;1;8;4;3;2;4;0
33800495;3;1;1;5;2;1;4;7;6;5;3;0
33800495;3;2;3;4;2;1;5;5;7;2;3;1
33800495;4;1;3;4;2;2;8;2;2;4;4;1
33800495;4;2;6;3;1;1;7;2;1;4;3;0
33800495;5;1;2;3;2;2;2;1;2;2;4;1
33800495;5;2;3;3;2;2;4;3;7;1;1;0
33800495;6;1;6;5;2;2;6;3;2;5;4;0
33800495;6;2;5;2;2;2;7;3;7;1;4;1
33800495;7;1;4;3;1;1;5;4;3;1;4;1
33800495;7;2;4;1;2;1;4;4;1;1;4;0
33800495;8;1;4;3;1;1;3;7;6;3;4;1
33800495;8;2;4;4;1;1;7;7;2;1;3;0
33800495;9;1;6;4;1;1;2;1;1;2;1;1
33800495;9;2;1;2;2;1;6;6;2;3;4;0
33800495;10;1;2;2;2;2;6;7;1;4;2;0
33800495;10;2;4;4;2;1;4;6;5;5;3;1
33800677;1;1;3;5;2;2;6;4;6;4;1;0
33800677;1;2;6;5;2;2;8;3;5;3;4;1
33800677;2;1;1;5;2;1;3;2;7;3;1;0
33800677;2;2;6;5;1;1;8;7;1;1;3;1
33800677;3;1;3;2;1;1;7;5;2;3;1;0
33800677;3;2;2;2;1;1;5;5;2;4;4;1
33800677;4;1;4;3;1;2;1;1;1;1;2;1
33800677;4;2;4;3;2;1;7;6;2;2;1;0
33800677;5;1;1;2;1;1;8;1;6;4;1;1
33800677;5;2;5;3;2;1;5;5;6;1;2;0
33800677;6;1;6;1;2;2;1;2;2;4;1;1
33800677;6;2;5;1;1;1;10;6;6;4;1;0
33800677;7;1;6;3;2;1;9;4;6;5;1;1
33800677;7;2;4;2;1;1;10;3;2;5;4;0
33800677;8;1;2;2;2;1;4;3;3;2;4;0
33800677;8;2;1;1;1;1;10;6;6;5;1;1
33800677;9;1;1;4;1;2;2;6;7;3;2;1
33800677;9;2;2;2;1;2;3;6;5;5;1;0
33800677;10;1;4;2;1;1;9;4;2;1;4;1
33800677;10;2;6;2;2;1;7;5;5;1;4;0
33800720;1;1;2;5;2;2;4;1;5;3;4;1
33800720;1;2;6;3;2;2;3;3;1;5;1;0
33800720;2;1;5;3;2;2;10;7;5;2;3;1
33800720;2;2;1;1;2;2;1;1;6;4;1;0
33800720;3;1;3;1;1;1;4;5;2;5;2;1
33800720;3;2;2;1;2;2;9;2;4;3;1;0
33800720;4;1;2;2;1;1;7;5;2;1;4;1
33800720;4;2;1;4;2;1;7;7;3;5;4;0
33800720;5;1;1;4;1;1;9;2;7;3;3;0
33800720;5;2;5;1;2;2;4;5;2;1;2;1
33800720;6;1;4;2;2;1;3;5;4;3;4;0
33800720;6;2;5;4;2;1;2;4;2;3;3;1
33800720;7;1;3;1;1;2;4;2;1;3;2;0
33800720;7;2;2;1;2;1;4;5;4;4;3;1
33800720;8;1;2;3;2;1;3;7;7;1;2;1
33800720;8;2;6;1;2;1;9;5;1;1;1;0
33800720;9;1;4;1;1;2;5;5;4;4;1;0
33800720;9;2;4;3;2;1;7;7;1;3;4;1
33800720;10;1;1;4;2;2;6;3;1;3;4;1
33800720;10;2;5;5;1;2;10;2;5;3;1;0
33800941;1;1;1;3;2;1;7;1;3;5;4;1
33800941;1;2;3;1;1;2;3;4;2;2;3;0
33800941;2;1;2;2;1;2;6;2;5;2;4;0
33800941;2;2;4;1;2;2;2;2;3;1;2;1
33800941;3;1;3;1;2;2;5;1;3;1;1;0
33800941;3;2;1;2;2;1;8;3;1;3;2;1
33800941;4;1;3;3;2;1;5;3;1;4;1;1
33800941;4;2;5;2;2;1;6;7;5;4;3;0
33800941;5;1;6;4;1;2;8;1;4;3;3;1
33800941;5;2;2;3;2;1;5;3;6;2;3;0
33800941;6;1;2;3;2;2;6;3;1;3;3;0
33800941;6;2;6;3;2;2;1;6;3;1;3;1
33800941;7;1;6;3;2;1;6;4;7;5;3;0
33800941;7;2;6;1;2;1;1;7;2;2;4;1
33800941;8;1;6;3;1;2;9;2;2;1;1;1
33800941;8;2;5;4;1;1;7;4;5;4;4;0
33800941;9;1;3;4;1;1;3;1;3;3;2;0
33800941;9;2;1;4;1;2;10;7;1;3;4;1
33800941;10;1;6;4;1;2;2;3;1;5;4;1
33800941;10;2;2;5;1;1;2;7;6;3;2;0
33801186;1;1;1;3;2;1;8;5;1;5;1;1
33801186;1;2;4;3;2;1;10;6;6;2;1;0
33801186;2;1;3;2;2;1;10;2;4;2;2;0
33801186;2;2;5;2;2;2;2;5;1;4;1;1
33801186;3;1;2;5;2;2;4;5;4;3;3;0
33801186;3;2;1;3;2;1;7;3;7;4;4;1
33801186;4;1;3;3;2;1;10;2;7;3;2;1
33801186;4;2;3;5;2;1;3;6;1;3;2;0
33801186;5;1;6;2;1;1;5;2;2;2;4;0
33801186;5;2;4;3;2;1;1;3;1;4;1;1
33801186;6;1;6;2;1;2;3;3;3;3;1;0
33801186;6;2;1;2;1;2;10;7;5;2;3;1
33801186;7;1;6;2;1;1;3;4;7;4;4;0
33801186;7;2;1;1;2;1;10;7;1;5;3;1
33801186;8;1;1;4;2;1;2;3;3;1;3;1
33801186;8;2;6;1;2;2;3;6;6;5;1;0
33801186;9;1;5;2;2;1;9;6;6;5;1;0
33801186;9;2;3;1;1;2;3;5;4;2;2;1
33801186;10;1;4;3;1;2;7;3;5;5;1;0
33801186;10;2;3;5;1;2;6;5;2;5;4;1
33801291;1;1;4;1;2;1;2;7;5;3;1;0
33801291;1;2;4;1;1;1;7;3;1;5;2;1
33801291;2;1;1;1;1;2;5;4;6;3;3;0
33801291;2;2;3;2;1;2;1;7;4;5;4;1
33801291;3;1;2;1;2;1;4;3;3;1;2;1
33801291;3;2;6;1;2;2;4;4;4;3;1;0
33801291;4;1;5;4;1;2;8;5;7;3;1;0
33801291;4;2;4;1;2;1;4;1;1;3;1;1
33801291;5;1;1;4;2;1;4;7;4;4;1;0
33801291;5;2;5;1;2;2;4;3;1;5;3;1
33801291;6;1;2;5;1;1;9;7;4;2;2;1
33801291;6;2;4;1;2;1;4;7;6;4;2;0
33801291;7;1;4;3;1;2;1;5;6;5;3;0
33801291;7;2;6;3;1;2;1;1;1;3;3;1
33801291;8;1;4;4;1;1;6;1;2;3;2;1
33801291;8;2;5;3;2;2;10;3;7;3;4;0
33801291;9;1;6;3;2;1;3;2;1;1;4;1
33801291;9;2;3;4;1;2;4;1;5;5;1;0
33801291;10;1;2;2;1;2;7;6;3;4;4;1
33801291;10;2;1;2;1;2;8;1;5;3;1;0
33801374;1;1;4;1;1;2;3;3;4;3;2;0
33801374;1;2;4;1;1;2;5;7;6;2;1;1
33801374;2;1;2;3;2;2;3;6;4;5;3;1
33801374;2;2;6;4;1;2;6;2;2;4;1;0
33801374;3;1;3;2;1;2;6;3;5;5;2;0
33801374;3;2;2;4;1;1;4;1;4;3;1;1
33801374;4;1;1;4;2;2;1;5;3;1;4;1
33801374;4;2;3;5;1;2;9;4;4;4;1;0
33801374;5;1;1;2;1;1;6;5;3;3;4;0
33801374;5;2;2;2;2;2;5;7;5;2;4;1
33801374;6;1;4;5;1;2;7;5;6;4;1;0
33801374;6;2;2;5;1;2;9;3;7;5;2;1
33801374;7;1;5;3;2;2;6;4;7;4;1;1
33801374;7;2;5;4;1;1;7;4;7;4;3;0
33801374;8;1;5;1;2;1;7;1;7;3;2;0
33801374;8;2;2;4;2;1;9;4;4;3;1;1
33801374;9;1;4;1;1;2;5;1;5;3;4;1
33801374;9;2;4;1;1;1;7;1;7;1;1;0
33801374;10;1;1;3;1;2;2;3;6;4;3;0
33801374;10;2;2;4;2;1;10;6;7;4;4;1
33801718;1;1;2;2;2;1;6;6;7;2;1;1
33801718;1;2;5;3;2;1;10;2;5;1;3;0
33801718;2;1;5;1;1;1;5;4;4;1;4;1
33801718;2;2;4;5;2;1;2;4;6;3;1;0
33801718;3;1;2;3;2;2;2;7;7;1;3;0
33801718;3;2;4;4;2;1;3;6;4;1;3;1
33801718;4;1;3;3;1;1;8;3;6;2;3;1
33801718;4;2;4;2;1;2;5;2;5;1;2;0
33801718;5;1;1;4;2;2;7;5;6;4;3;0
33801718;5;2;2;4;1;2;2;6;4;4;4;1
33801718;6;1;3;4;1;2;9;2;3;2;3;0
33801718;6;2;1;4;1;2;4;6;2;2;2;1
33801718;7;1;5;2;2;2;2;6;6;3;4;1
33801718;7;2;2;4;1;2;3;6;5;3;2;0
33801718;8;1;1;2;2;1;2;3;4;2;4;1
33801718;8;2;1;3;2;2;3;4;3;5;1;0
33801718;9;1;3;1;2;1;3;1;2;1;3;1
33801718;9;2;6;2;1;2;1;7;7;1;2;0
33801718;10;1;2;2;1;1;3;7;2;1;3;0
33801718;10;2;2;2;2;2;8;3;4;5;1;1
33802446;1;1;5;1;1;2;6;3;7;2;3;0
33802446;1;2;1;4;1;1;5;1;7;4;2;1
33802446;2;1;1;4;1;1;4;6;4;1;3;1
33802446;2;2;1;4;1;2;7;1;6;1;1;0
33802446;3;1;3;3;2;1;8;7;1;5;3;1
33802446;3;2;5;4;1;1;5;2;3;1;3;0
33802446;4;1;1;3;1;1;8;7;7;1;1;0
33802446;4;2;3;1;2;2;3;2;7;1;4;1
33802446;5;1;5;3;2;2;2;2;6;2;1;1
33802446;5;2;1;4;2;1;1;2;6;3;4;0
33802446;6;1;1;3;2;2;4;5;6;1;2;1
33802446;6;2;1;2;2;2;2;4;2;5;1;0
33802446;7;1;4;1;1;1;5;2;4;2;3;0
33802446;7;2;6;3;1;2;5;7;4;5;2;1
33802446;8;1;1;2;2;2;6;4;5;5;4;0
33802446;8;2;1;3;2;2;2;2;5;3;4;1
33802446;9;1;2;4;1;2;3;1;5;4;2;1
33802446;9;2;1;3;2;1;6;3;2;5;4;0
33802446;10;1;5;5;1;1;1;5;1;4;2;1
33802446;10;2;4;2;2;1;9;2;1;2;4;0
33802561;1;1;2;1;2;1;1;5;6;1;3;1
33802561;1;2;5;3;2;1;10;2;6;2;2;0
33802561;2;1;6;2;1;1;6;6;2;3;3;0
33802561;2;2;6;4;2;2;7;4;3;1;3;1
33802561;3;1;2;4;1;1;3;3;2;2;1;1
33802561;3;2;5;3;2;1;2;5;4;1;1;0
33802561;4;1;5;3;2;1;2;4;2;3;2;0
33802561;4;2;6;1;1;2;3;3;2;2;1;1
33802561;5;1;3;3;1;2;5;2;6;3;3;0
33802561;5;2;1;1;2;1;3;6;4;5;3;1
33802561;6;1;5;3;1;1;4;6;4;1;1;1
33802561;6;2;1;1;2;2;5;5;1;4;4;0
33802561;7;1;5;2;1;1;8;6;2;2;2;1
33802561;7;2;5;5;2;1;6;6;7;3;1;0
33802561;8;1;5;3;2;1;4;4;1;4;3;0
33802561;8;2;3;3;1;2;2;2;3;5;3;1
33802561;9;1;6;2;2;1;5;7;7;3;2;1
33802561;9;2;6;4;1;1;7;5;3;4;1;0
33802561;10;1;1;5;2;1;3;5;3;1;2;1
33802561;10;2;6;2;2;1;6;4;7;3;2;0
33802586;1;1;4;5;2;1;9;3;3;5;1;0
33802586;1;2;4;5;2;2;1;6;2;1;4;1
33802586;2;1;5;1;1;2;1;4;6;2;4;0
33802586;2;2;6;2;1;2;8;7;4;5;1;1
33802586;3;1;2;1;1;2;9;7;3;4;3;0
33802586;3;2;5;5;1;2;1;3;2;4;2;1
33802586;4;1;2;2;2;1;1;1;3;5;1;0
33802586;4;2;1;4;2;2;3;7;7;2;3;1
33802586;5;1;5;2;2;1;3;7;2;4;3;1
33802586;5;2;6;2;2;1;9;2;4;1;3;0
33802586;6;1;3;1;2;1;6;3;2;5;4;0
33802586;6;2;6;5;1;1;1;2;4;2;4;1
33802586;7;1;3;1;2;1;9;5;6;4;3;0
33802586;7;2;2;3;2;1;1;1;3;3;2;1
33802586;8;1;5;4;2;2;4;3;7;2;3;0
33802586;8;2;4;2;1;1;7;1;7;2;4;1
33802586;9;1;6;3;2;1;8;1;2;5;1;0
33802586;9;2;6;5;2;2;5;3;5;3;1;1
33802586;10;1;1;3;1;2;4;7;1;4;3;1
33802586;10;2;4;4;1;1;4;5;2;1;4;0
33803403;1;1;5;1;2;1;5;3;1;2;4;0
33803403;1;2;4;1;1;1;8;4;3;4;3;1
33803403;2;1;1;2;1;1;7;6;6;3;2;0
33803403;2;2;5;1;1;1;4;2;6;1;2;1
33803403;3;1;2;2;2;1;7;2;6;1;2;1
33803403;3;2;6;3;2;1;9;2;5;2;2;0
33803403;4;1;4;5;2;2;1;6;7;2;3;1
33803403;4;2;1;5;1;2;7;6;4;5;2;0
33803403;5;1;6;4;2;2;2;5;4;2;4;0
33803403;5;2;6;1;1;1;6;1;1;1;1;1
33803403;6;1;4;4;2;2;4;2;2;5;3;1
33803403;6;2;6;5;2;1;4;5;2;2;1;0
33803403;7;1;4;5;1;2;5;6;7;2;2;1
33803403;7;2;4;1;2;1;10;3;2;5;3;0
33803403;8;1;4;2;1;2;2;1;3;1;2;0
33803403;8;2;3;3;1;1;10;7;2;5;3;1
33803403;9;1;5;5;1;1;3;2;4;1;2;1
33803403;9;2;2;3;1;1;7;7;6;3;2;0
33803403;10;1;4;3;2;1;5;5;2;2;3;1
33803403;10;2;2;5;2;1;10;5;3;5;3;0
33803819;1;1;5;2;1;2;2;2;2;1;3;1
33803819;1;2;5;3;1;1;9;7;5;2;2;0
33803819;2;1;2;5;1;1;2;5;6;1;4;0
33803819;2;2;2;2;2;1;1;5;6;3;4;1
33803819;3;1;5;1;2;2;8;1;6;5;4;1
33803819;3;2;1;3;2;1;2;4;5;4;4;0
33803819;4;1;4;2;1;2;6;4;3;3;1;1
33803819;4;2;5;1;1;1;2;6;4;2;1;0
33803819;5;1;6;2;1;2;3;4;6;1;3;1
33803819;5;2;2;3;1;1;7;3;1;3;2;0
33803819;6;1;1;4;1;2;10;5;3;2;3;1
33803819;6;2;1;3;2;2;4;3;5;5;1;0
33803819;7;1;2;4;2;2;9;1;6;4;2;1
33803819;7;2;5;2;1;2;4;7;1;2;1;0
33803819;8;1;5;1;1;2;6;3;5;2;2;0
33803819;8;2;3;4;1;1;3;2;1;5;2;1
33803819;9;1;6;3;1;2;7;1;7;5;4;0
33803819;9;2;4;4;1;2;5;2;1;5;1;1
33803819;10;1;2;1;2;2;6;3;3;3;4;1
33803819;10;2;1;5;1;1;2;4;3;2;1;0
33804049;1;1;3;1;2;2;7;6;3;1;4;0
33804049;1;2;2;3;2;1;4;1;7;4;4;1
33804049;2;1;3;3;2;2;8;1;3;5;4;1
33804049;2;2;5;4;1;1;7;4;7;1;3;0
33804049;3;1;4;4;2;2;1;4;3;3;2;0
33804049;3;2;1;5;1;2;8;1;1;4;1;1
33804049;4;1;2;5;1;1;5;2;6;1;3;0
33804049;4;2;2;3;2;2;6;5;4;4;1;1
33804049;5;1;4;4;1;1;2;4;1;3;3;0
33804049;5;2;3;3;2;2;6;7;7;4;4;1
33804049;6;1;3;4;2;1;6;4;1;3;1;1
33804049;6;2;5;1;1;1;10;6;3;4;3;0
33804049;7;1;5;3;1;1;10;2;2;4;4;1
33804049;7;2;4;1;1;1;8;1;1;2;3;0
33804049;8;1;5;2;2;2;5;5;1;1;3;0
33804049;8;2;1;5;2;1;5;2;4;1;1;1
33804049;9;1;5;1;2;1;2;3;7;4;1;0
33804049;9;2;3;5;2;1;2;5;5;1;3;1
33804049;10;1;2;3;2;2;6;2;4;5;3;1
33804049;10;2;6;4;1;2;3;1;4;2;1;0
33804359;1;1;1;3;2;1;5;6;3;3;1;0
33804359;1;2;5;1;2;1;4;1;4;1;4;1
33804359;2;1;4;2;2;1;10;6;4;1;3;0
33804359;2;2;2;3;1;2;1;2;2;4;4;1
33804359;3;1;2;5;1;1;10;3;6;3;2;1
33804359;3;2;6;2;2;2;6;1;5;4;4;0
33804359;4;1;3;2;2;2;2;6;7;3;2;1
33804359;4;2;5;5;1;2;8;2;7;4;3;0
33804359;5;1;6;4;2;1;2;6;6;5;1;1
33804359;5;2;6;3;1;1;1;5;7;2;1;0
33804359;6;1;1;5;1;2;8;2;1;1;2;0
33804359;6;2;1;5;2;2;5;1;4;5;4;1
33804359;7;1;4;2;1;2;8;6;2;5;4;0
33804359;7;2;1;4;2;1;4;6;1;5;4;1
33804359;8;1;4;2;2;2;9;1;4;3;3;0
33804359;8;2;4;3;2;1;6;4;1;1;3;1
33804359;9;1;5;3;1;2;7;4;3;5;2;0
33804359;9;2;3;4;2;2;3;5;1;4;1;1
33804359;10;1;1;4;2;2;4;3;5;1;4;0
33804359;10;2;3;3;2;2;5;2;6;1;3;1
33805056;1;1;1;5;2;2;3;6;5;4;3;0
33805056;1;2;2;1;2;2;9;5;4;3;3;1
33805056;2;1;2;2;2;2;6;2;4;2;1;1
33805056;2;2;6;4;2;2;5;5;7;4;4;0
33805056;3;1;2;5;2;2;10;2;6;2;1;1
33805056;3;2;2;2;1;1;2;6;5;1;4;0
33805056;4;1;6;1;2;1;7;2;3;3;2;1
33805056;4;2;3;3;2;1;7;7;4;1;3;0
33805056;5;1;1;4;2;2;5;7;4;2;4;0
33805056;5;2;3;4;2;1;2;4;1;3;3;1
33805056;6;1;5;1;1;2;7;2;3;1;2;0
33805056;6;2;6;5;1;1;10;3;7;5;4;1
33805056;7;1;1;3;1;1;5;7;1;2;2;1
33805056;7;2;1;3;1;1;2;6;6;5;2;0
33805056;8;1;1;3;1;2;1;3;3;1;4;0
33805056;8;2;6;1;1;1;9;6;6;4;3;1
33805056;9;1;4;3;2;2;6;4;1;2;4;0
33805056;9;2;3;1;1;2;1;2;5;3;4;1
33805056;10;1;3;5;2;2;5;4;3;1;2;1
33805056;10;2;3;2;1;2;8;5;2;2;4;0
33805300;1;1;4;3;2;2;7;6;1;2;4;0
33805300;1;2;6;3;1;1;2;1;1;2;2;1
33805300;2;1;2;4;1;1;10;3;1;4;4;1
33805300;2;2;2;5;1;2;8;6;1;3;2;0
33805300;3;1;1;4;1;1;4;6;6;1;2;0
33805300;3;2;3;1;1;2;8;2;5;3;1;1
33805300;4;1;2;4;2;1;3;7;7;5;3;0
33805300;4;2;3;5;2;2;9;2;7;2;2;1
33805300;5;1;2;2;1;2;6;7;4;1;2;1
33805300;5;2;5;4;1;2;7;5;1;2;1;0
33805300;6;1;6;1;2;2;1;7;5;3;4;1
33805300;6;2;5;3;1;1;1;6;6;1;2;0
33805300;7;1;1;4;1;1;1;7;4;1;3;0
33805300;7;2;4;4;2;2;6;1;7;2;2;1
33805300;8;1;2;2;1;2;3;2;5;3;3;1
33805300;8;2;5;4;1;1;6;4;1;5;4;0
33805300;9;1;2;1;1;2;1;7;5;1;3;1
33805300;9;2;5;5;2;2;7;2;5;3;4;0
33805300;10;1;4;3;1;2;5;1;1;4;3;1
33805300;10;2;4;4;1;1;2;5;1;2;4;0
33806105;1;1;5;3;2;2;6;5;3;3;3;0
33806105;1;2;2;4;2;1;3;1;6;2;1;1
33806105;2;1;3;2;2;1;7;1;2;1;3;1
33806105;2;2;4;5;1;1;5;2;7;5;3;0
33806105;3;1;2;1;1;1;9;3;1;5;1;1
33806105;3;2;4;3;1;1;4;6;4;2;2;0
33806105;4;1;6;3;1;2;5;6;3;3;4;0
33806105;4;2;3;5;1;2;1;1;3;1;4;1
33806105;5;1;1;5;2;1;9;5;2;2;2;0
33806105;5;2;2;4;2;2;8;2;3;1;2;1
33806105;6;1;1;2;1;1;1;2;1;5;4;0
33806105;6;2;4;4;1;1;2;3;5;4;4;1
33806105;7;1;1;2;2;1;9;6;6;3;2;0
33806105;7;2;5;3;1;1;2;3;4;4;2;1
33806105;8;1;2;5;1;2;2;7;1;1;4;1
33806105;8;2;1;5;2;2;6;7;6;1;3;0
33806105;9;1;4;3;2;1;8;5;2;2;2;1
33806105;9;2;1;5;1;1;1;1;7;5;3;0
33806105;10;1;2;1;2;2;5;3;5;5;4;1
33806105;10;2;2;2;1;2;6;3;7;4;1;0
33807552;1;1;4;1;2;2;7;7;4;1;4;0
33807552;1;2;6;4;2;1;2;3;5;1;2;1
33807552;2;1;1;2;2;2;5;5;4;1;3;1
33807552;2;2;4;1;2;2;2;2;1;2;1;0
33807552;3;1;3;2;2;1;5;1;6;4;1;1
33807552;3;2;2;1;2;2;5;6;4;2;3;0
33807552;4;1;2;4;2;2;2;4;1;5;2;1
33807552;4;2;3;2;1;2;6;7;1;3;4;0
33807552;5;1;1;4;1;2;9;1;7;3;1;0
33807552;5;2;2;2;1;1;6;4;2;3;1;1
33807552;6;1;3;2;2;1;9;5;3;1;2;0
33807552;6;2;5;3;1;1;6;6;1;3;4;1
33807552;7;1;4;1;1;2;7;4;4;1;4;0
33807552;7;2;6;2;2;1;6;6;7;5;3;1
33807552;8;1;6;3;2;2;2;3;1;4;1;1
33807552;8;2;4;4;2;2;3;5;5;3;2;0
33807552;9;1;1;2;1;1;9;6;1;4;2;0
33807552;9;2;5;3;1;2;9;2;1;1;4;1
33807552;10;1;2;2;1;2;4;6;3;3;1;1
33807552;10;2;1;5;1;2;2;7;6;4;1;0
33807879;1;1;3;4;1;2;9;5;3;5;4;1
33807879;1;2;2;5;1;2;6;1;4;4;2;0
33807879;2;1;2;1;2;2;3;4;3;5;1;1
33807879;2;2;3;5;2;1;1;5;1;4;3;0
33807879;3;1;4;5;1;2;3;7;7;1;3;1
33807879;3;2;3;3;2;2;5;3;7;1;2;0
33807879;4;1;4;5;2;2;5;3;1;4;3;0
33807879;4;2;5;2;2;1;4;6;2;1;4;1
33807879;5;1;4;1;2;1;4;3;5;2;3;1
33807879;5;2;4;5;1;2;1;7;5;4;2;0
33807879;6;1;1;2;1;1;4;5;6;5;4;0
33807879;6;2;2;2;2;1;7;1;1;3;4;1
33807879;7;1;3;3;2;1;5;6;7;5;4;1
33807879;7;2;3;2;2;1;6;6;6;5;2;0
33807879;8;1;4;2;2;2;1;6;6;4;3;0
33807879;8;2;5;4;1;1;1;1;2;4;4;1
33807879;9;1;1;5;2;1;9;6;2;3;4;0
33807879;9;2;6;3;1;2;10;3;2;2;2;1
33807879;10;1;4;2;2;1;5;4;1;3;1;0
33807879;10;2;5;2;2;2;2;6;1;3;3;1
33810928;1;1;4;5;1;2;9;5;4;2;4;0
33810928;1;2;4;2;1;1;7;4;1;4;4;1
33810928;2;1;3;4;2;2;10;1;4;5;2;0
33810928;2;2;3;5;2;2;7;3;3;1;4;1
33810928;3;1;6;2;2;2;1;3;6;5;1;1
33810928;3;2;5;4;2;1;4;6;5;5;1;0
33810928;4;1;6;4;2;1;7;7;1;1;1;0
33810928;4;2;1;3;1;2;6;2;6;2;1;1
33810928;5;1;1;4;1;1;5;4;7;4;4;0
33810928;5;2;2;2;2;1;7;4;4;4;2;1
33810928;6;1;3;5;2;1;3;7;3;2;3;0
33810928;6;2;6;3;1;2;9;1;3;1;4;1
33810928;7;1;1;4;1;2;3;2;5;4;3;0
33810928;7;2;3;1;1;2;6;4;4;5;2;1
33810928;8;1;2;1;2;2;3;4;1;4;1;1
33810928;8;2;5;2;2;2;3;4;7;2;2;0
33810928;9;1;5;2;2;2;6;2;2;3;2;1
33810928;9;2;1;2;2;2;10;3;6;3;2;0
33810928;10;1;1;4;2;1;3;4;5;3;3;0
33810928;10;2;4;3;1;2;2;2;6;2;1;1
33812204;1;1;1;2;2;2;1;7;1;3;4;0
33812204;1;2;1;1;2;1;7;2;2;4;4;1
33812204;2;1;6;5;2;1;6;4;5;3;3;1
33812204;2;2;4;4;2;2;6;2;7;1;1;0
33812204;3;1;2;1;2;2;2;4;5;5;2;1
33812204;3;2;1;3;2;1;3;3;6;2;3;0
33812204;4;1;2;1;2;1;9;7;4;4;2;1
33812204;4;2;6;2;2;1;2;2;4;1;3;0
33812204;5;1;1;4;2;1;1;6;1;1;4;0
33812204;5;2;1;5;2;1;8;7;4;5;1;1
33812204;6;1;1;4;1;2;6;5;2;1;4;1
33812204;6;2;3;3;1;2;9;7;6;1;3;0
33812204;7;1;1;2;1;2;8;6;6;4;1;0
33812204;7;2;4;5;1;2;8;3;5;2;4;1
33812204;8;1;3;4;2;1;1;3;3;3;1;0
33812204;8;2;4;2;2;1;9;3;4;1;3;1
33812204;9;1;3;5;1;2;4;7;1;5;3;0
33812204;9;2;2;4;2;1;2;1;1;4;4;1
33812204;10;1;3;4;2;1;5;4;5;5;4;1
33812204;10;2;1;4;1;1;10;4;2;3;1;0
33815806;1;1;4;3;1;1;6;3;2;5;1;1
33815806;1;2;1;5;2;2;3;1;7;4;2;0
33815806;2;1;3;3;2;1;3;5;2;2;4;0
33815806;2;2;2;1;1;1;1;3;6;5;1;1
33815806;3;1;2;3;2;1;1;5;2;2;3;1
33815806;3;2;5;2;2;2;7;6;1;4;3;0
33815806;4;1;4;5;2;1;7;6;5;5;3;0
33815806;4;2;5;4;1;1;5;6;5;3;3;1
33815806;5;1;3;2;1;1;10;6;3;5;2;1
33815806;5;2;6;3;2;1;5;6;5;3;4;0
33815806;6;1;4;3;1;1;7;7;4;1;1;1
33815806;6;2;1;4;1;2;1;2;2;5;4;0
33815806;7;1;2;4;1;1;3;5;1;5;2;1
33815806;7;2;3;4;1;1;3;5;1;3;1;0
33815806;8;1;6;2;2;1;1;4;7;2;3;1
33815806;8;2;1;4;2;2;8;5;7;2;1;0
33815806;9;1;5;2;1;1;5;1;3;1;4;0
33815806;9;2;3;1;1;1;3;2;5;2;1;1
33815806;10;1;1;1;2;2;7;2;5;2;3;0
33815806;10;2;2;1;2;1;6;2;1;5;4;1
33833163;1;1;1;5;1;1;9;7;4;4;3;1
33833163;1;2;6;1;1;2;1;6;7;4;3;0
33833163;2;1;2;5;2;1;6;5;6;3;2;0
33833163;2;2;1;2;2;1;5;3;1;5;4;1
33833163;3;1;4;1;1;1;8;5;3;4;4;0
33833163;3;2;1;5;2;1;2;1;2;4;1;1
33833163;4;1;3;5;1;2;3;1;5;3;2;1
33833163;4;2;3;3;1;2;10;2;7;3;3;0
33833163;5;1;4;1;1;1;1;3;3;3;1;1
33833163;5;2;2;1;2;1;8;4;6;2;1;0
33833163;6;1;4;3;1;1;5;6;3;5;3;1
33833163;6;2;5;1;1;1;7;6;7;2;4;0
33833163;7;1;6;1;2;2;3;3;4;5;1;0
33833163;7;2;6;3;2;1;4;2;3;5;4;1
33833163;8;1;1;1;1;1;3;1;3;5;3;1
33833163;8;2;3;1;1;2;10;6;1;1;1;0
33833163;9;1;3;1;2;1;6;2;7;2;1;0
33833163;9;2;2;3;2;2;6;4;3;4;2;1
33833163;10;1;2;5;1;2;10;1;5;4;1;0
33833163;10;2;1;1;2;1;6;7;4;4;3;1
33833797;1;1;3;2;1;1;9;5;1;4;3;0
33833797;1;2;2;3;1;2;3;6;2;2;1;1
33833797;2;1;5;4;2;1;6;7;1;5;3;0
33833797;2;2;4;4;1;2;2;4;2;2;3;1
33833797;3;1;2;1;2;1;1;5;3;3;2;0
33833797;3;2;6;5;2;1;2;1;1;3;1;1
33833797;4;1;5;2;1;2;10;5;3;2;2;0
33833797;4;2;1;1;1;2;7;7;6;5;2;1
33833797;5;1;5;3;2;2;1;6;4;5;3;1
33833797;5;2;1;4;1;1;10;5;5;1;4;0
33833797;6;1;3;5;1;1;8;2;2;4;2;1
33833797;6;2;4;1;2;2;2;2;7;2;4;0
33833797;7;1;3;4;2;2;2;4;4;2;3;0
33833797;7;2;4;5;1;1;5;3;2;4;2;1
33833797;8;1;4;5;2;2;7;1;6;2;2;1
33833797;8;2;4;2;1;2;3;4;4;3;4;0
33833797;9;1;5;3;1;2;1;1;5;5;1;1
33833797;9;2;2;1;1;2;9;5;3;1;2;0
33833797;10;1;1;3;2;1;9;2;3;4;2;1
33833797;10;2;4;3;2;2;5;3;5;4;1;0
33833811;1;1;3;4;2;1;2;6;1;3;4;0
33833811;1;2;5;2;1;2;8;6;5;5;2;1
33833811;2;1;4;4;1;2;10;4;6;2;3;1
33833811;2;2;4;2;2;2;9;4;3;2;1;0
33833811;3;1;5;1;1;2;6;5;3;4;2;0
33833811;3;2;1;4;2;2;6;6;3;1;2;1
33833811;4;1;3;4;1;1;6;1;7;1;1;0
33833811;4;2;4;2;1;2;2;6;3;3;2;1
33833811;5;1;4;4;2;1;1;6;6;4;4;0
33833811;5;2;6;2;2;2;9;2;1;1;4;1
33833811;6;1;5;5;1;2;9;6;3;1;3;0
33833811;6;2;6;3;2;2;7;3;4;3;1;1
33833811;7;1;1;2;1;1;7;2;2;1;1;0
33833811;7;2;3;4;1;1;6;1;5;2;2;1
33833811;8;1;3;2;2;1;7;6;5;1;4;1
33833811;8;2;2;1;1;1;1;1;4;2;2;0
33833811;9;1;2;2;2;2;3;4;1;3;4;0
33833811;9;2;3;3;1;1;10;4;5;3;3;1
33833811;10;1;5;4;2;1;8;4;2;4;1;1
33833811;10;2;3;1;2;1;1;3;3;1;3;0